,C,beta,a0,gamma
0,80.00301948045093,0.20487006880334024,0.8179217559186359,1.9834334986477504
1,80.00325522598257,0.200695434750857,0.8282797376907209,1.9825414947000304
2,79.99683388557928,0.1985994804941806,0.8270482662063706,1.9866698406454726
3,79.99683388557928,0.1985994804941806,0.8270482662063706,1.9866698406454726
4,80.01269936216023,0.19952277243480504,0.814090472060405,2.0097769854656704
5,80.0166272187118,0.19935096953392456,0.8145977417932091,2.0092729838370933
6,80.0166272187118,0.19935096953392456,0.8145977417932091,2.0092729838370933
7,80.0166272187118,0.19935096953392456,0.8145977417932091,2.0092729838370933
8,80.00547619239917,0.20557472180877576,0.8217228478685308,2.0112637430281266
9,80.00547619239917,0.20557472180877576,0.8217228478685308,2.0112637430281266
10,80.05924201622243,0.14706107133658536,0.8192745332887943,2.035371132666693
11,80.05547158220477,0.14127710178365172,0.8248268374920431,2.028853034319141
12,80.03773355261642,0.14145769032282665,0.8285975701580809,2.0061201918652363
13,80.07944921091115,0.1222475881649812,0.8021840964711515,2.0186550644069685
14,80.15179882772239,0.05990327902238682,0.8088825542721455,2.0346350327131115
15,80.1513053840241,0.05861153959851191,0.8081059183795872,2.0382899379294943
16,80.1513053840241,0.05861153959851191,0.8081059183795872,2.0382899379294943
17,80.13737392237644,0.06489068589392355,0.8071199991256482,2.032471871581388
18,80.13737392237644,0.06489068589392355,0.8071199991256482,2.032471871581388
19,80.23381232395698,-0.0010031069285603156,0.7907428947656712,1.9939961747279773
20,80.23381232395698,-0.0010031069285603156,0.7907428947656712,1.9939961747279773
21,80.23381232395698,-0.0010031069285603156,0.7907428947656712,1.9939961747279773
22,80.35272246565955,-0.10330706243142579,0.7141973510596109,2.052428123346808
23,80.35202240480109,-0.13087034312360082,0.7386744561566843,2.0512380634565317
24,80.64707751342036,-0.16491633779658185,0.7114595117617448,2.0865625735325812
25,80.64707751342036,-0.16491633779658185,0.7114595117617448,2.0865625735325812
26,80.64707751342036,-0.16491633779658185,0.7114595117617448,2.0865625735325812
27,80.0059692642734,0.17778271422871678,0.7809769793919147,2.01030808786717
28,80.0059692642734,0.17778271422871678,0.7809769793919147,2.01030808786717
29,80.0059692642734,0.17778271422871678,0.7809769793919147,2.01030808786717
30,80.0059692642734,0.17778271422871678,0.7809769793919147,2.01030808786717
31,80.0059692642734,0.17778271422871678,0.7809769793919147,2.01030808786717
32,80.0059692642734,0.17778271422871678,0.7809769793919147,2.01030808786717
33,79.96159881791942,0.15760206589917117,0.813354659785289,1.9676389472458955
34,80.0649170420415,0.0047896335690738034,0.8198488444371269,2.0019562385538094
35,80.08811260777377,-0.10195703326547412,0.8673577310163849,2.018421174809853
36,80.09812809205056,-0.13834658591013493,0.8719288944794437,2.025910330954668
37,80.36972265762758,-0.19083676854931592,0.8051362903116742,2.1745836893679833
38,80.36972265762758,-0.19083676854931592,0.8051362903116742,2.1745836893679833
39,80.37150051893538,-0.16696665725039736,0.7948042591612339,2.1735933612977387
40,80.66312377081496,-0.4557570047702127,0.7874352383914931,2.3283045669610356
41,80.64476188341196,-0.43575694000693055,0.78494626923425,2.3187273488662945
42,80.64476188341196,-0.43575694000693055,0.78494626923425,2.3187273488662945
43,80.64476188341196,-0.43575694000693055,0.78494626923425,2.3187273488662945
44,80.62419258245677,-0.4231803572827568,0.7789053065243192,2.3035684598265673
45,80.62419258245677,-0.4231803572827568,0.7789053065243192,2.3035684598265673
46,80.54427310619545,-0.34990620537758854,0.785937349063925,2.2795720252280334
47,80.54427310619545,-0.34990620537758854,0.785937349063925,2.2795720252280334
48,80.6949833495885,-0.38275944686012764,0.7726057282717925,2.373053935575016
49,80.34573395704656,-0.37846346089698707,0.9585453355608077,2.040548093642663
50,80.29676793393212,-0.3991453366511301,0.9901833585281847,2.0055719798156044
51,80.29620723348928,-0.4078864367795033,0.9868360110764631,2.0119230493264832
52,80.29620723348928,-0.4078864367795033,0.9868360110764631,2.0119230493264832
53,80.29620723348928,-0.4078864367795033,0.9868360110764631,2.0119230493264832
54,80.00249777851369,0.19930960216737728,0.8088075027316086,2.0337526169048425
55,80.00562783829572,0.19946138786699932,0.8073376841391682,2.0352120913851226
56,80.00877127544126,0.1957155710521825,0.8142112358297253,2.0343873542993522
57,80.01404748217809,0.18565492280093945,0.8364010458727005,2.0518051818058436
58,80.01404748217809,0.18565492280093945,0.8364010458727005,2.0518051818058436
59,79.99052121284156,0.2100284004922629,0.7952935644330166,2.0762207495321987
60,79.99064680051025,0.20988746364557695,0.7951434450140413,2.075904933983949
61,79.99169393095652,0.20319157092225618,0.7848273279799566,2.064020942548361
62,79.99169393095652,0.20319157092225618,0.7848273279799566,2.064020942548361
63,79.99169393095652,0.20319157092225618,0.7848273279799566,2.064020942548361
64,79.99169393095652,0.20319157092225618,0.7848273279799566,2.064020942548361
65,79.99169393095652,0.20319157092225618,0.7848273279799566,2.064020942548361
66,79.99169393095652,0.20319157092225618,0.7848273279799566,2.064020942548361
67,79.99213642589444,0.2043546673661003,0.7837125590470123,2.066816025125929
68,79.99213642589444,0.2043546673661003,0.7837125590470123,2.066816025125929
69,79.94768497228209,0.20119906483293476,0.8179906708181364,2.1195932994977857
70,79.94768497228209,0.20119906483293476,0.8179906708181364,2.1195932994977857
71,79.94768497228209,0.20119906483293476,0.8179906708181364,2.1195932994977857
72,79.95871083176658,0.18696642009030884,0.8374604447597453,2.103752469357132
73,79.95871083176658,0.18696642009030884,0.8374604447597453,2.103752469357132
74,79.95871083176658,0.18696642009030884,0.8374604447597453,2.103752469357132
75,80.33134656202851,-0.023371632879589432,1.0305133042508108,1.862843871045953
76,80.33134656202851,-0.023371632879589432,1.0305133042508108,1.862843871045953
77,80.52682418870585,-0.04374784198487824,0.8863481226284788,2.0501925209512097
78,81.19065660119848,-0.09643798670006742,0.829299002933744,2.3785635447009197
79,81.19065660119848,-0.09643798670006742,0.829299002933744,2.3785635447009197
80,81.19065660119848,-0.09643798670006742,0.829299002933744,2.3785635447009197
81,80.05370659462885,0.17283790109538139,0.7621488320220305,2.0400310421892027
82,80.05397814186722,0.17360372481006325,0.7596809326970619,2.0402805393900567
83,80.04966723263057,0.17371526901385556,0.7638468475018415,2.0367303466148763
84,80.05930117247945,0.16622375533557002,0.7611534353632431,2.042753892234985
85,80.05671705266161,0.1680702211576288,0.7640888502042003,2.040925287772418
86,80.05671705266161,0.1680702211576288,0.7640888502042003,2.040925287772418
87,80.09375572551494,0.161777154455027,0.7078373135496614,2.106441909205623
88,80.09375572551494,0.161777154455027,0.7078373135496614,2.106441909205623
89,80.16301266142504,0.12741714814122934,0.6184919933714703,2.181110951081405
90,80.16301266142504,0.12741714814122934,0.6184919933714703,2.181110951081405
91,80.16301266142504,0.12741714814122934,0.6184919933714703,2.181110951081405
92,80.15855864626968,0.12350056414531341,0.6227354283686974,2.192870609826458
93,80.15855864626968,0.12350056414531341,0.6227354283686974,2.192870609826458
94,80.32016669980149,0.1421813107758924,0.40996212491669604,2.385367541928095
95,80.32016669980149,0.1421813107758924,0.40996212491669604,2.385367541928095
96,80.32016669980149,0.1421813107758924,0.40996212491669604,2.385367541928095
97,80.34866059073126,0.006664211327920722,0.5101233597973258,2.3587413410978475
98,80.34866059073126,0.006664211327920722,0.5101233597973258,2.3587413410978475
99,80.33806464774977,0.01968887585425101,0.43969916420523275,2.4483746054439584
100,80.44149730722981,-0.05278627477986275,0.617762973746444,2.24487970409703
101,80.34758260049959,-0.053975403520085126,0.6300290230949259,2.218388208260911
102,80.34758260049959,-0.053975403520085126,0.6300290230949259,2.218388208260911
103,80.34758260049959,-0.053975403520085126,0.6300290230949259,2.218388208260911
104,80.34758260049959,-0.053975403520085126,0.6300290230949259,2.218388208260911
105,80.34758260049959,-0.053975403520085126,0.6300290230949259,2.218388208260911
106,80.33115232241795,-0.04733561875661929,0.6129617616768556,2.2355418215709966
107,80.24942197614381,-0.048814297064031835,0.6673380532264639,2.1381570838042188
108,79.95349806027508,0.17606324596553177,0.8280374250365035,1.9787631586439094
109,79.95284141204297,0.17571138464699027,0.8283959233669425,1.9784190513156583
110,79.95284141204297,0.17571138464699027,0.8283959233669425,1.9784190513156583
111,79.9162201883054,0.13696287379793404,0.8464680243570782,1.9240002803558995
112,79.9162201883054,0.13696287379793404,0.8464680243570782,1.9240002803558995
113,79.9162201883054,0.13696287379793404,0.8464680243570782,1.9240002803558995
114,79.9162201883054,0.13696287379793404,0.8464680243570782,1.9240002803558995
115,79.85441754722515,0.08264938494383642,0.8912841257190902,1.8602542265469568
116,79.62103363415348,0.046377008273716616,0.9560130735104676,1.765492846415589
117,79.35017552183773,0.006207731413948633,1.0558710873298571,1.6164742278752051
118,79.03827605794415,-0.008919648333871974,1.125185452720613,1.4461759326805779
119,79.03827605794415,-0.008919648333871974,1.125185452720613,1.4461759326805779
120,79.03827605794415,-0.008919648333871974,1.125185452720613,1.4461759326805779
121,78.23780165095322,-0.09525186072758274,1.3071143843300863,1.009944335109044
122,78.23780165095322,-0.09525186072758274,1.3071143843300863,1.009944335109044
123,77.72802484197352,-0.08865778915453758,1.4575696069297948,0.7484234095287818
124,77.72802484197352,-0.08865778915453758,1.4575696069297948,0.7484234095287818
125,77.72802484197352,-0.08865778915453758,1.4575696069297948,0.7484234095287818
126,77.72802484197352,-0.08865778915453758,1.4575696069297948,0.7484234095287818
127,77.72802484197352,-0.08865778915453758,1.4575696069297948,0.7484234095287818
128,77.72802484197352,-0.08865778915453758,1.4575696069297948,0.7484234095287818
129,77.72802484197352,-0.08865778915453758,1.4575696069297948,0.7484234095287818
130,78.24154299732213,-0.11149558550904139,1.3388899262092635,0.9965835422246259
131,77.53703978605492,-0.12340595361698103,1.572499812940786,0.5787733246375621
132,77.53703978605492,-0.12340595361698103,1.572499812940786,0.5787733246375621
133,78.24799465414308,-0.05632564357902302,1.3393640611478548,0.9280887073768045
134,78.46390625909731,-0.07689405246047462,1.2769938767210052,1.0445987261448475
135,80.01405135651201,0.1995412301759832,0.7760660958524834,1.9806370711373866
136,80.02908321022309,0.21037020541000415,0.7671751969662696,1.9472735546674627
137,80.02908321022309,0.21037020541000415,0.7671751969662696,1.9472735546674627
138,80.02908321022309,0.21037020541000415,0.7671751969662696,1.9472735546674627
139,80.0118866140488,0.20446266522557918,0.7831008217676219,1.9522411706227822
140,80.00852041726571,0.20809236540448567,0.7607355670364915,1.9117441623667335
141,80.0129737665378,0.17206242532151453,0.7977739934509187,1.9418418609469819
142,80.0143614397674,0.17151179701549754,0.8041773197338378,1.9402294154989226
143,80.1086622142907,-0.0029878775027915028,0.8148637844063092,1.988667883087963
144,80.20280322897786,-0.19326844424100595,0.8086059678697252,1.9680527150302967
145,80.1790482612943,-0.1565826176650158,0.8181037352134899,1.9707490047278586
146,80.1790482612943,-0.1565826176650158,0.8181037352134899,1.9707490047278586
147,80.36474586548971,-0.5131754156620062,0.8510858877389051,1.8783018466573564
148,80.1966526364375,-0.1894800505384151,0.820692131788662,1.9633452020144422
149,80.1966526364375,-0.1894800505384151,0.820692131788662,1.9633452020144422
150,80.1966526364375,-0.1894800505384151,0.820692131788662,1.9633452020144422
151,80.1966526364375,-0.1894800505384151,0.820692131788662,1.9633452020144422
152,79.87999086604914,-0.18903709080872735,1.028452721355103,1.7015434216436385
153,79.8305190276956,-0.23487362139490306,1.1038886152556766,1.6235883616710378
154,79.8305190276956,-0.23487362139490306,1.1038886152556766,1.6235883616710378
155,79.89218007399636,-0.2429884435550358,0.9554398920961626,1.5759695374060274
156,80.07511644088056,-0.274770041291956,0.7709441120708478,1.6612847362761896
157,80.07511644088056,-0.274770041291956,0.7709441120708478,1.6612847362761896
158,80.10507490235852,-0.27342574015695653,0.7669167082230887,1.688661377963142
159,80.10507490235852,-0.27342574015695653,0.7669167082230887,1.688661377963142
160,80.10507490235852,-0.27342574015695653,0.7669167082230887,1.688661377963142
161,80.10507490235852,-0.27342574015695653,0.7669167082230887,1.688661377963142
162,80.0417171452099,0.20121146329056472,0.7903908083653993,2.052039700478857
163,80.0417171452099,0.20121146329056472,0.7903908083653993,2.052039700478857
164,80.0417171452099,0.20121146329056472,0.7903908083653993,2.052039700478857
165,80.0417171452099,0.20121146329056472,0.7903908083653993,2.052039700478857
166,80.11328966524742,0.043074761210425916,0.8041341761113803,2.0578809475802293
167,80.15884403685777,-0.05757623176616308,0.836380161832232,2.0715342754446997
168,80.21019026324784,-0.1716537186362145,0.8343138916358864,2.069471264326405
169,80.21019026324784,-0.1716537186362145,0.8343138916358864,2.069471264326405
170,80.21019026324784,-0.1716537186362145,0.8343138916358864,2.069471264326405
171,80.21019026324784,-0.1716537186362145,0.8343138916358864,2.069471264326405
172,80.37219640218044,-0.44234366943063497,0.9184991059487768,2.183202311498474
173,80.3545667155156,-0.3943250966131679,0.8932149640127891,2.1830260548318563
174,80.3545667155156,-0.3943250966131679,0.8932149640127891,2.1830260548318563
175,80.35004562700658,-0.40870439274514647,0.9113061020882861,2.1886459138608116
176,80.46134117513641,-0.5292452578395985,0.9062162103283362,2.25344663503484
177,80.46134117513641,-0.5292452578395985,0.9062162103283362,2.25344663503484
178,80.4724782227516,-0.47322798949728767,0.8299802234147872,2.217079451810259
179,80.4724782227516,-0.47322798949728767,0.8299802234147872,2.217079451810259
180,80.4724782227516,-0.47322798949728767,0.8299802234147872,2.217079451810259
181,80.4724782227516,-0.47322798949728767,0.8299802234147872,2.217079451810259
182,80.60621511987507,-0.44028757784877276,1.0097483156360074,1.9434334721858497
183,80.61867856412042,-0.5130904924418405,1.0339410760948278,1.949812987241424
184,80.51610866881441,-0.3393830496044394,0.8811198520688511,2.0514291527269717
185,80.51610866881441,-0.3393830496044394,0.8811198520688511,2.0514291527269717
186,80.33900790979956,-0.47455549222219445,1.001416846475556,1.9340549677111163
187,79.43753654583323,-0.26766655538022643,1.2177610033536006,1.46386814289813
188,79.43753654583323,-0.26766655538022643,1.2177610033536006,1.46386814289813
189,80.03829477603391,0.16053445565775695,0.8787683744058857,2.026641334667592
190,80.03829477603391,0.16053445565775695,0.8787683744058857,2.026641334667592
191,80.03829477603391,0.16053445565775695,0.8787683744058857,2.026641334667592
192,80.03829477603391,0.16053445565775695,0.8787683744058857,2.026641334667592
193,80.03829477603391,0.16053445565775695,0.8787683744058857,2.026641334667592
194,80.05642529804992,0.1417510324312362,0.9104478594361568,2.0078254747510087
195,80.05642529804992,0.1417510324312362,0.9104478594361568,2.0078254747510087
196,80.05694228767953,0.12290646613046982,0.8781577771281781,2.0175671998444646
197,80.05694228767953,0.12290646613046982,0.8781577771281781,2.0175671998444646
198,80.0607323636028,0.12306764051576516,0.8688794744281897,2.0234108978731955
199,79.98027744279634,0.11493854886696002,0.882769920742488,2.123881688194105
200,79.98027744279634,0.11493854886696002,0.882769920742488,2.123881688194105
201,79.98027744279634,0.11493854886696002,0.882769920742488,2.123881688194105
202,80.0819608068694,0.021941342136679642,0.9071561330960444,2.0420143215814592
203,80.0819608068694,0.021941342136679642,0.9071561330960444,2.0420143215814592
204,80.11933307364906,0.012613642456394104,0.9046724626951705,2.0502853032340886
205,80.1050683464089,0.016853802695665523,0.9058490098490896,2.05020903058942
206,80.1050683464089,0.016853802695665523,0.9058490098490896,2.05020903058942
207,80.1050683464089,0.016853802695665523,0.9058490098490896,2.05020903058942
208,80.1050683464089,0.016853802695665523,0.9058490098490896,2.05020903058942
209,80.1050683464089,0.016853802695665523,0.9058490098490896,2.05020903058942
210,80.1050683464089,0.016853802695665523,0.9058490098490896,2.05020903058942
211,80.31559648614066,-0.10561558787037101,1.102588667031227,1.7923004452674256
212,80.31559648614066,-0.10561558787037101,1.102588667031227,1.7923004452674256
213,80.31559648614066,-0.10561558787037101,1.102588667031227,1.7923004452674256
214,80.31559648614066,-0.10561558787037101,1.102588667031227,1.7923004452674256
215,79.63235445691735,-0.08932765417020219,1.1808314400075384,1.5067204209430534
216,79.99292982087695,0.20338935850726964,0.7521353576892523,1.9813857233743555
217,80.00324696823105,0.19096376814339347,0.7708485560860421,1.993597743938557
218,80.00287578858055,0.19276097862645827,0.7694675657145541,1.9913193217821403
219,80.00322295246502,0.18921924104680465,0.7646853629130239,1.9913246468701429
220,80.01037989520765,0.17326650179463501,0.7381910174856319,1.965335551402694
221,80.01037989520765,0.17326650179463501,0.7381910174856319,1.965335551402694
222,80.01037989520765,0.17326650179463501,0.7381910174856319,1.965335551402694
223,79.9987755330725,0.17769627994570236,0.7322571847525762,1.9583398926401063
224,80.00056091805737,0.17860805235926805,0.7253816532194649,1.9223079216062549
225,80.00056091805737,0.17860805235926805,0.7253816532194649,1.9223079216062549
226,80.00056091805737,0.17860805235926805,0.7253816532194649,1.9223079216062549
227,79.9234777143461,0.010798582972270515,0.9124028801469589,1.7937880569376143
228,79.91973501553869,0.001580556493016208,0.915292540294631,1.7770992721568697
229,79.91973501553869,0.001580556493016208,0.915292540294631,1.7770992721568697
230,79.87071258064107,-0.01073985590279769,0.937771170474654,1.7226960029143437
231,79.87597648425641,-0.013945783800585934,0.9276770599479178,1.7146506039010265
232,79.85058165550116,-0.047960831635863066,0.9551105096018098,1.667360442938046
233,79.85058165550116,-0.047960831635863066,0.9551105096018098,1.667360442938046
234,79.85058165550116,-0.047960831635863066,0.9551105096018098,1.667360442938046
235,79.85058165550116,-0.047960831635863066,0.9551105096018098,1.667360442938046
236,79.85058165550116,-0.047960831635863066,0.9551105096018098,1.667360442938046
237,79.85058165550116,-0.047960831635863066,0.9551105096018098,1.667360442938046
238,79.78557285456598,-0.05128577134215008,0.9449145797393329,1.640927267197773
239,79.87326109815173,-0.07128591111316884,0.9797145568558118,1.6096674419870691
240,79.81727228874949,-0.05663281732530301,0.9548530151233039,1.6232347091732748
241,79.81727228874949,-0.05663281732530301,0.9548530151233039,1.6232347091732748
242,80.13919099304762,-0.15896915084972907,0.8877985135872125,1.7714189832817315
243,79.9730455043821,0.22188810273382664,0.8050547918171345,1.9863828245876514
244,79.97926452059322,0.21650803751480122,0.8025283862428771,1.9907609146419512
245,79.97601318450324,0.21667748738588738,0.8084154343472236,1.9897540665802327
246,79.97601318450324,0.21667748738588738,0.8084154343472236,1.9897540665802327
247,79.97333760775159,0.2190893555923209,0.8053931177010851,1.9881694134828918
248,79.98822591626065,0.20024305461819938,0.7942531683851901,1.9982702618414274
249,79.98822591626065,0.20024305461819938,0.7942531683851901,1.9982702618414274
250,79.98822591626065,0.20024305461819938,0.7942531683851901,1.9982702618414274
251,79.98822591626065,0.20024305461819938,0.7942531683851901,1.9982702618414274
252,79.98756821719581,0.20064181665786993,0.7944356381361248,1.998201952038944
253,79.98724833496414,0.2016979040976214,0.7936477184782028,1.9982905187414972
254,79.98724833496414,0.2016979040976214,0.7936477184782028,1.9982905187414972
255,79.98724833496414,0.2016979040976214,0.7936477184782028,1.9982905187414972
256,79.98724833496414,0.2016979040976214,0.7936477184782028,1.9982905187414972
257,79.98724833496414,0.2016979040976214,0.7936477184782028,1.9982905187414972
258,80.03603221847122,0.11056711244131001,0.7999481215700789,1.990149481292237
259,80.03603221847122,0.11056711244131001,0.7999481215700789,1.990149481292237
260,79.91957742349358,-0.06011126495245289,0.9969303892438435,1.788789990379817
261,79.91957742349358,-0.06011126495245289,0.9969303892438435,1.788789990379817
262,79.7336460186175,-0.10604564538904016,1.1646802702722656,1.63024675085116
263,79.54351542268755,-0.18241481414654434,1.3070766820144206,1.4133643945793173
264,79.54351542268755,-0.18241481414654434,1.3070766820144206,1.4133643945793173
265,79.54351542268755,-0.18241481414654434,1.3070766820144206,1.4133643945793173
266,79.84831514866268,-0.19901744031123547,1.2996290065306282,1.5109353470161444
267,79.70424142222211,-0.21161475165543203,1.4107409424432291,1.3422555381218277
268,79.46960916366646,-0.13382027789586676,1.5787603948615228,1.076825343261516
269,79.44428414453064,-0.14503318356827283,1.5754314408913945,1.078893813311161
270,80.00793854655741,0.1917021639582146,0.7908798848444062,2.010946980030576
271,79.98804281150849,0.18610114711427478,0.7911679529239937,1.9867431968337281
272,79.98804281150849,0.18610114711427478,0.7911679529239937,1.9867431968337281
273,80.03318800077619,0.17365171837472657,0.7942194372946023,1.9943134609867208
274,80.03262408389142,0.17364219412322066,0.7928341678401765,1.9935969993564138
275,80.03697740487056,0.1666459139091401,0.7869115184956307,1.9893310015285768
276,80.03697740487056,0.1666459139091401,0.7869115184956307,1.9893310015285768
277,80.03825058526054,0.1667980376384356,0.7939067693278443,1.9915366800966163
278,80.03825058526054,0.1667980376384356,0.7939067693278443,1.9915366800966163
279,80.04977170370783,0.16292792822075772,0.7771781182488616,2.004662517523439
280,80.04977170370783,0.16292792822075772,0.7771781182488616,2.004662517523439
281,80.22927051146267,0.18568018183320123,0.5553667300116286,2.006174477260454
282,80.29486301527335,0.023049316888245658,0.6657886256596205,2.083383386859239
283,80.27047835877147,-0.08325293178744067,0.746373347371194,2.076075730007289
284,80.34072961033114,-0.12245368166731921,0.6864574837688048,2.0887687474354095
285,80.34072961033114,-0.12245368166731921,0.6864574837688048,2.0887687474354095
286,80.63041089911918,-0.1900868097394126,0.536104976624532,2.3219571218598314
287,80.63041089911918,-0.1900868097394126,0.536104976624532,2.3219571218598314
288,80.63041089911918,-0.1900868097394126,0.536104976624532,2.3219571218598314
289,80.52036076228993,-0.2306918801530664,0.7481086142733705,2.105579934557326
290,80.52036076228993,-0.2306918801530664,0.7481086142733705,2.105579934557326
291,80.6576556248652,-0.24863024480112533,0.6926316609198974,2.1936207015356564
292,80.6576556248652,-0.24863024480112533,0.6926316609198974,2.1936207015356564
293,80.6576556248652,-0.24863024480112533,0.6926316609198974,2.1936207015356564
294,80.62446227479101,-0.282366069809476,0.6702934155611932,2.1951384967146885
295,80.62778965965644,-0.28303229391313234,0.6519148922000908,2.212271467331891
296,80.62778965965644,-0.28303229391313234,0.6519148922000908,2.212271467331891
297,80.01313679394264,0.20468206347199497,0.7989693771760584,1.9972581880689266
298,80.01313679394264,0.20468206347199497,0.7989693771760584,1.9972581880689266
299,80.01065722665166,0.20379759322815894,0.8039131719387751,2.0050304837279413
300,80.008954666691,0.19958035193427237,0.8025126555709653,2.0060224258120045
301,80.01440326116975,0.19597043769670358,0.7980366822071717,2.0099975748717935
302,80.01440326116975,0.19597043769670358,0.7980366822071717,2.0099975748717935
303,80.01448905243666,0.18845710202468036,0.8010514047675072,2.0081721248604913
304,80.01448905243666,0.18845710202468036,0.8010514047675072,2.0081721248604913
305,80.02729139138249,0.18874387813088814,0.7672182556420678,1.9959386621870707
306,80.02729139138249,0.18874387813088814,0.7672182556420678,1.9959386621870707
307,80.0272867986298,0.1887373372040771,0.767218472479758,1.9959423900797704
308,80.02802434790253,0.18971439461684653,0.7634232485708583,1.9977936018397573
309,80.02802434790253,0.18971439461684653,0.7634232485708583,1.9977936018397573
310,80.02802434790253,0.18971439461684653,0.7634232485708583,1.9977936018397573
311,80.02802434790253,0.18971439461684653,0.7634232485708583,1.9977936018397573
312,80.02802434790253,0.18971439461684653,0.7634232485708583,1.9977936018397573
313,80.02802434790253,0.18971439461684653,0.7634232485708583,1.9977936018397573
314,79.34810441194296,0.1074227259121976,0.9686250089648656,1.6284580002641549
315,79.56304707453282,0.04095492859354018,0.962843966113862,1.6450991411651097
316,79.56304707453282,0.04095492859354018,0.962843966113862,1.6450991411651097
317,79.28148889218018,0.05347449111360533,0.9924505463752482,1.4346608981703461
318,79.26788946312763,0.05617715659814637,0.9945397633133417,1.4274484715609426
319,79.26788946312763,0.05617715659814637,0.9945397633133417,1.4274484715609426
320,79.26788946312763,0.05617715659814637,0.9945397633133417,1.4274484715609426
321,79.26788946312763,0.05617715659814637,0.9945397633133417,1.4274484715609426
322,79.32829205953277,0.04560302747939696,0.9851137998862045,1.4588741602574895
323,79.32829205953277,0.04560302747939696,0.9851137998862045,1.4588741602574895
324,80.02316039625659,0.1855601764253613,0.8099106997940612,1.9891399715969718
325,80.02742325196728,0.1808433808575906,0.8145632969700095,1.989259479177031
326,80.04827364209012,0.168740429793253,0.8060532652175374,1.9910246341977422
327,80.0855889082739,0.15920142202283352,0.7977613551119547,2.003100415212608
328,80.07450438704247,0.16556834240641483,0.7966638361339905,2.0015458667769903
329,80.07450438704247,0.16556834240641483,0.7966638361339905,2.0015458667769903
330,80.12397616839776,0.1345222918815595,0.8092668540647195,1.9987618309835138
331,80.1483976604363,0.12833958380790358,0.8097488427199437,1.9796196142140494
332,80.1483976604363,0.12833958380790358,0.8097488427199437,1.9796196142140494
333,80.15091948633959,0.13218006495072326,0.8533087750345508,1.9107866928238677
334,80.15091948633959,0.13218006495072326,0.8533087750345508,1.9107866928238677
335,80.15091948633959,0.13218006495072326,0.8533087750345508,1.9107866928238677
336,80.15091948633959,0.13218006495072326,0.8533087750345508,1.9107866928238677
337,80.12924901631774,0.12998595314511474,0.8725334593139409,1.9132097016782945
338,80.12535771487917,0.1351160624359323,0.8568309482693867,1.920360658096054
339,80.16322884488281,0.08982483609710462,0.8268723707598605,1.949973642797008
340,80.2086743829832,0.010303350053499583,0.8645722173761395,1.9269733434444545
341,80.30436766297734,-0.045271534069179165,0.9003925032942286,1.8919556415689887
342,80.45617157439048,-0.12881867469699812,1.028078625432928,1.753745062844572
343,80.594996154709,-0.28933320450939987,1.4015571923176426,1.395337958972891
344,80.65241561459887,-0.3015515489529036,1.4173479194033083,1.3796784316937303
345,80.65241561459887,-0.3015515489529036,1.4173479194033083,1.3796784316937303
346,81.02524268505813,-0.33403256687480537,1.4368902422570606,1.1989995852700166
347,81.06500894145559,-0.340692657739036,1.480396398529705,1.1341395338800384
348,81.06500894145559,-0.340692657739036,1.480396398529705,1.1341395338800384
349,81.06500894145559,-0.340692657739036,1.480396398529705,1.1341395338800384
350,81.06500894145559,-0.340692657739036,1.480396398529705,1.1341395338800384
351,80.00219540689525,0.20215744945722675,0.8014510175715277,2.004282322511043
352,80.00336253172681,0.1946191786914895,0.7951190988032187,2.006145885351806
353,79.9944695561863,0.17534443209589234,0.784709968906162,2.012628833101477
354,79.99162304022956,0.1566499104272786,0.7882557559017423,2.016120143407612
355,79.99162304022956,0.1566499104272786,0.7882557559017423,2.016120143407612
356,80.04737194085456,0.10460860734821947,0.7955314115732897,2.0352553739730843
357,80.05837444562017,0.07070349392374073,0.7887082115413142,2.044553599859337
358,80.05837444562017,0.07070349392374073,0.7887082115413142,2.044553599859337
359,80.03639789495647,0.014134457395142824,0.8389399553397174,2.0061126059245367
360,80.03639789495647,0.014134457395142824,0.8389399553397174,2.0061126059245367
361,80.03639789495647,0.014134457395142824,0.8389399553397174,2.0061126059245367
362,80.0423114864332,0.0035124079781589518,0.8343214517486892,1.9937029011854197
363,80.1164642906668,-0.08380531987899431,0.7893696772587699,2.027401013850686
364,80.05250461209751,-0.12284124177638905,0.7934368710563682,1.9730696801225727
365,80.05250461209751,-0.12284124177638905,0.7934368710563682,1.9730696801225727
366,80.06856238257484,-0.17348308614651944,0.7839042254582645,1.983715652634831
367,80.03810706308275,-0.25891044381613165,0.7749962782330185,1.9636284275452147
368,80.03810706308275,-0.25891044381613165,0.7749962782330185,1.9636284275452147
369,80.03801676152392,-0.2589472897929318,0.7751366461908952,1.963483336446191
370,80.03801676152392,-0.2589472897929318,0.7751366461908952,1.963483336446191
371,80.03801676152392,-0.2589472897929318,0.7751366461908952,1.963483336446191
372,80.03801676152392,-0.2589472897929318,0.7751366461908952,1.963483336446191
373,80.03801676152392,-0.2589472897929318,0.7751366461908952,1.963483336446191
374,79.77885988760269,-0.21534588230965593,0.7176868632001268,1.915810990451157
375,79.77166157715496,-0.24508799370493997,0.6732429977226035,1.9706384638557104
376,79.76811835846264,-0.24374253572284332,0.7142088178802339,1.9617220508772222
377,79.76811835846264,-0.24374253572284332,0.7142088178802339,1.9617220508772222
378,79.96783206993587,0.23674934426238253,0.7808654159360144,1.989476553475341
379,79.9764609007868,0.23064174405388,0.7843135336035891,1.9909586595939401
380,80.00009144404204,0.2122662361309781,0.7777070161202251,2.0057334721377775
381,80.00009144404204,0.2122662361309781,0.7777070161202251,2.0057334721377775
382,80.00009144404204,0.2122662361309781,0.7777070161202251,2.0057334721377775
383,80.00005907204748,0.2122865511985036,0.7776987693011946,2.005735293879164
384,80.01666668572685,0.20186443177482388,0.7819295862892581,2.0048006966267318
385,80.05319164971426,0.17894316542243402,0.7912343811327411,2.0027452459372546
386,80.05842433691318,0.16727271452910097,0.7922621414366839,2.004365877765028
387,80.22775069563923,-0.05437389484409305,0.8920136448393698,1.9110637327610789
388,80.3002217093292,-0.1969686941953659,0.9432799276208629,1.8425142533243488
389,80.48829852414582,-0.43269282050294766,1.080039939598142,1.7924331636051982
390,80.48829852414582,-0.43269282050294766,1.080039939598142,1.7924331636051982
391,80.37185105010697,-0.27522635428533704,0.9999372186295498,1.844388510079567
392,80.37185105010697,-0.27522635428533704,0.9999372186295498,1.844388510079567
393,80.37185105010697,-0.27522635428533704,0.9999372186295498,1.844388510079567
394,80.37185105010697,-0.27522635428533704,0.9999372186295498,1.844388510079567
395,80.38365261396761,-0.28100232256204016,1.0120113709848928,1.8363754523861961
396,80.38396797035395,-0.28101656924516766,1.0108594737691035,1.8374086306612394
397,80.622975426608,-0.3009434454928341,0.9706847498688193,1.9297471187274295
398,80.57491034528249,-0.25742650139545165,0.9489826959543678,1.9274098693282853
399,80.57491034528249,-0.25742650139545165,0.9489826959543678,1.9274098693282853
400,80.57491034528249,-0.25742650139545165,0.9489826959543678,1.9274098693282853
401,80.57774313893789,-0.2590849125350579,0.947304675266469,1.9288858302373229
402,80.56880653895134,-0.2712224257097793,0.9777030728973433,1.9085626645272296
403,80.69951785814992,-0.29575471127274716,0.9659153188777623,1.9604187094865058
404,80.69951785814992,-0.29575471127274716,0.9659153188777623,1.9604187094865058
405,80.03427783069208,0.11189110369760649,0.8270215176523208,2.028232708037572
406,80.04824735694902,0.08441235554319974,0.8286242367277686,2.0380638553105714
407,80.11562730372647,0.010332241907359097,0.8432937022394983,2.0425080751638216
408,80.17359144209207,-0.10225093829413098,0.8167038717078787,2.054400896580327
409,80.20307866561926,-0.15531054636894015,0.8213754755794891,2.0652088960426016
410,80.26684180124323,-0.29619271702014005,0.8336192839721182,2.070412795960372
411,80.26192483533352,-0.2865940050556835,0.8322319936671969,2.0673926500850737
412,80.26192483533352,-0.2865940050556835,0.8322319936671969,2.0673926500850737
413,80.26192483533352,-0.2865940050556835,0.8322319936671969,2.0673926500850737
414,80.26067304188909,-0.2839790819887964,0.8316442124192206,2.0670398874338907
415,80.24188738443722,-0.20789216397528013,0.840858816543574,2.067507512961402
416,80.24188738443722,-0.20789216397528013,0.840858816543574,2.067507512961402
417,80.24188738443722,-0.20789216397528013,0.840858816543574,2.067507512961402
418,80.24188738443722,-0.20789216397528013,0.840858816543574,2.067507512961402
419,80.24188738443722,-0.20789216397528013,0.840858816543574,2.067507512961402
420,80.49720766304604,-0.3488435259668401,0.6607007741562152,2.1363273425167337
421,80.49720766304604,-0.3488435259668401,0.6607007741562152,2.1363273425167337
422,80.48167970043416,-0.30595539299313096,0.6991259674746362,2.111833552140816
423,80.47277537404545,-0.28502857278964744,0.686474094290155,2.1283616099942737
424,80.59274794906112,-0.22399997875029548,0.7669825926184547,2.136260049320368
425,80.59274794906112,-0.22399997875029548,0.7669825926184547,2.136260049320368
426,80.65072948373775,-0.21863982137239113,0.7821004923285311,2.1608345661286963
427,80.72594380032034,-0.1792260438950739,0.7385877941515706,2.1904981645437878
428,80.72594380032034,-0.1792260438950739,0.7385877941515706,2.1904981645437878
429,80.54415145653861,-0.16724633694114688,0.7953761579502867,2.091449929894864
430,80.43311319590936,-0.16467449295152276,0.792751151479592,2.0596498069163958
431,80.44948289423243,-0.1673681946908263,0.7932677535764621,2.0615669307446787
432,80.00081467259902,0.24340089694075565,0.7215269126908699,1.9934498615852332
433,80.00075430652122,0.24498227010780507,0.7183965173644437,1.992004367726453
434,80.00760627328137,0.2150309504938181,0.751211248666466,1.9995375646006304
435,80.02110719397851,0.23499566766635716,0.723636768149519,2.0083670727212515
436,80.02110719397851,0.23499566766635716,0.723636768149519,2.0083670727212515
437,80.02398963831418,0.2579296912071135,0.6651119041407426,2.0077842037969766
438,80.02398963831418,0.2579296912071135,0.6651119041407426,2.0077842037969766
439,80.0252645017095,0.24978293841947494,0.6766255756907252,2.006331749530925
440,80.0252645017095,0.24978293841947494,0.6766255756907252,2.006331749530925
441,80.01245758508745,0.23452844530352482,0.7150943202498112,1.9970913324258268
442,80.01582716205145,0.23961387050724886,0.7037778758996901,1.986229830348389
443,80.0085969559281,0.25716418899009164,0.6987135825460613,1.9869155845843012
444,80.0085969559281,0.25716418899009164,0.6987135825460613,1.9869155845843012
445,80.0085969559281,0.25716418899009164,0.6987135825460613,1.9869155845843012
446,80.0085969559281,0.25716418899009164,0.6987135825460613,1.9869155845843012
447,80.0085969559281,0.25716418899009164,0.6987135825460613,1.9869155845843012
448,80.0085969559281,0.25716418899009164,0.6987135825460613,1.9869155845843012
449,80.0085969559281,0.25716418899009164,0.6987135825460613,1.9869155845843012
450,80.18376710250416,0.07944799844174966,0.6638624827800934,2.045671899594001
451,80.30630824831913,-0.014240759987092746,0.8277051067132727,1.9143486183655516
452,79.48247709346,-0.08905870324020908,1.1650788570818411,1.4463075424741003
453,79.47399043754959,-0.09397756987209593,1.1709171346158511,1.4345916382327464
454,78.6783455920541,0.024148461780929997,1.3313111750166402,1.0784274135846248
455,78.52598622624346,-0.07003933615587045,1.4640628916995078,0.9534824645716607
456,78.37800235254544,-0.02450197849056257,1.4720386663974432,0.9112393650622359
457,78.37800235254544,-0.02450197849056257,1.4720386663974432,0.9112393650622359
458,78.37800235254544,-0.02450197849056257,1.4720386663974432,0.9112393650622359
459,79.9904382107804,0.18386772351762123,0.8111648147984144,1.9880985438958196
460,79.98957763320999,0.18276578232828664,0.8113330339200282,1.9848406434388486
461,79.96779086850408,0.1893144704242656,0.823937525250325,1.9649791989459229
462,79.96779086850408,0.1893144704242656,0.823937525250325,1.9649791989459229
463,80.03578775243288,0.08971972920452964,0.8231971069361429,1.9939450321224106
464,80.08151410372672,0.0271216816508473,0.8782768075539893,1.9568528212034773
465,80.11018520838135,-0.030510707285510835,0.904424138680162,1.9192409777701431
466,80.2067143415608,-0.20514829284194933,1.0405326882927106,1.8373609845512866
467,80.49553536568871,-0.40490150675955416,1.0497677217981902,1.7635091269527046
468,80.49553536568871,-0.40490150675955416,1.0497677217981902,1.7635091269527046
469,80.44487115344144,-0.3457922564342675,1.0267469229405735,1.7833053407443207
470,80.44487115344144,-0.3457922564342675,1.0267469229405735,1.7833053407443207
471,80.41189825393846,-0.27981166586860085,0.9862833799270525,1.7763749007708411
472,80.41189825393846,-0.27981166586860085,0.9862833799270525,1.7763749007708411
473,80.41189825393846,-0.27981166586860085,0.9862833799270525,1.7763749007708411
474,80.41189825393846,-0.27981166586860085,0.9862833799270525,1.7763749007708411
475,80.36229393379512,-0.23967214873649695,1.175597829279213,1.5670756412457396
476,80.39415234433744,-0.28059592211232304,1.2148811729081361,1.5260249737735114
477,80.89352436085761,-0.3695211336441554,1.3959471526052183,1.3555551798457577
478,80.89352436085761,-0.3695211336441554,1.3959471526052183,1.3555551798457577
479,80.89352436085761,-0.3695211336441554,1.3959471526052183,1.3555551798457577
480,80.84652284375788,-0.3141681594473974,1.2974127082878875,1.5297829597174837
481,80.89884473520158,-0.3396962127687341,1.4351196755735292,1.36114693629654
482,80.89884473520158,-0.3396962127687341,1.4351196755735292,1.36114693629654
483,81.12644271152894,-0.3543393065909243,1.4258188857521867,1.4141145097991923
484,81.07003340254477,-0.34593137675066166,1.3804884273079687,1.464131851048384
485,81.07003340254477,-0.34593137675066166,1.3804884273079687,1.464131851048384
486,79.97835444428985,0.1860587399177011,0.8136320346943867,1.9976870502445923
487,79.98424257246299,0.1850889813935679,0.8094313540371467,2.001003417090752
488,79.99141321082273,0.17068758502106382,0.8180641768393129,1.993418766852016
489,79.99141321082273,0.17068758502106382,0.8180641768393129,1.993418766852016
490,79.98981006854406,0.1647869747450913,0.8226487317640536,1.9937584410971696
491,80.03206079567093,0.16119960466139585,0.8006145288977289,2.0156145568515758
492,80.0283914402776,0.15713492443147603,0.8108413362526111,2.0352304550376084
493,80.03357771027046,0.153534266839682,0.824602813286434,2.048695354617907
494,80.03357771027046,0.153534266839682,0.824602813286434,2.048695354617907
495,80.03357771027046,0.153534266839682,0.824602813286434,2.048695354617907
496,80.03357771027046,0.153534266839682,0.824602813286434,2.048695354617907
497,80.04888282240891,0.16257904259247533,0.8405364976266974,2.0529799947730374
498,80.006095822269,0.09617790934646792,0.9029813939535967,1.9741625316372649
499,80.00964012726567,0.09584323778952605,0.9044173359736923,1.9755366418837614
500,80.00964012726567,0.09584323778952605,0.9044173359736923,1.9755366418837614
501,80.16068986677644,-0.04521687158064161,0.9351584044418774,1.900750510489856
502,80.39140987776041,-0.05663072271196536,0.922505909438494,1.9694420376126525
503,80.39140987776041,-0.05663072271196536,0.922505909438494,1.9694420376126525
504,80.26214911832353,-0.050236118884398585,0.9295944628150896,1.9309576472691194
505,80.79715213557184,-0.12002204782002433,0.9041495585341696,2.149717075352722
506,80.68873524807894,-0.12834409990367673,0.9666252354621997,2.1146786010243264
507,80.68873524807894,-0.12834409990367673,0.9666252354621997,2.1146786010243264
508,80.65803169174136,-0.16316327118362653,0.9618662706626827,2.0641640307270044
509,80.65803169174136,-0.16316327118362653,0.9618662706626827,2.0641640307270044
510,80.69516279078965,-0.15851162402407035,0.9526245542855366,2.0860818931604417
511,80.33398966210572,-0.2215114832219287,1.0907434863774923,1.8285813054558222
512,80.4535545636987,-0.24654800377174318,0.9121577201541675,1.9847279250247571
513,79.96215176025076,0.14840674288670003,0.8297657938686459,1.9735493877190209
514,79.96215176025076,0.14840674288670003,0.8297657938686459,1.9735493877190209
515,79.91920068758458,0.12787227558968656,0.8566289298764589,1.9451575680036177
516,79.90249499604776,0.12017055417619614,0.867304194811968,1.9341327676778075
517,79.90249499604776,0.12017055417619614,0.867304194811968,1.9341327676778075
518,79.87463528391267,0.08392990312555303,0.8937217549419791,1.8977506091300347
519,79.84726480154185,0.07837630894703296,0.9029924823654545,1.8866624722097538
520,79.84726480154185,0.07837630894703296,0.9029924823654545,1.8866624722097538
521,79.65776431967059,-0.014168533707046432,1.005835866919589,1.7798393854993881
522,79.65776431967059,-0.014168533707046432,1.005835866919589,1.7798393854993881
523,79.24001534789944,-0.13123427766228352,1.3260991741373733,1.4480603966940055
524,79.81148852329704,-0.2330009196718294,1.1841139002423797,1.6070698747005792
525,79.75996085811119,-0.2857988709395854,1.2621996674712348,1.5207600168431772
526,79.75996085811119,-0.2857988709395854,1.2621996674712348,1.5207600168431772
527,79.74718113758257,-0.3127785626248961,1.2885371997989732,1.4907032660599313
528,79.74718113758257,-0.3127785626248961,1.2885371997989732,1.4907032660599313
529,79.74718113758257,-0.3127785626248961,1.2885371997989732,1.4907032660599313
530,79.74718113758257,-0.3127785626248961,1.2885371997989732,1.4907032660599313
531,79.62079360221614,-0.42918792625233704,1.4236831786123114,1.2931143250242925
532,79.60555927909736,-0.42840016921473456,1.4343029108910992,1.2765871000955593
533,79.42242084314667,-0.4189301986324557,1.5619673397331084,1.0779061281576299
534,79.49424248877685,-0.36798958327962994,1.4118775176661855,1.229878430069137
535,79.49424248877685,-0.36798958327962994,1.4118775176661855,1.229878430069137
536,79.49424248877685,-0.36798958327962994,1.4118775176661855,1.229878430069137
537,79.49424248877685,-0.36798958327962994,1.4118775176661855,1.229878430069137
538,79.46991056031746,-0.3093617908043573,1.3529780039513168,1.2659424709631835
539,79.46991056031746,-0.3093617908043573,1.3529780039513168,1.2659424709631835
540,79.98127067618114,0.18937337776375945,0.8099842288221831,2.0134420687478203
541,79.98127067618114,0.18937337776375945,0.8099842288221831,2.0134420687478203
542,79.94702215670888,0.1957032469024378,0.8065862320266779,2.0313872836290545
543,79.96683824052324,0.20389679161616758,0.80794114881913,2.021407510250221
544,79.96509698729041,0.20160488159130313,0.8079427821781452,2.0158850686259187
545,80.01887242900847,0.12100753099199327,0.8404315037525557,1.9886168689150274
546,80.02059240697116,0.11042361337189671,0.8611380899609667,1.9933319932822564
547,80.02257585889375,0.08506449778726682,0.8806649010932773,1.9885092867945573
548,80.02257585889375,0.08506449778726682,0.8806649010932773,1.9885092867945573
549,80.02257585889375,0.08506449778726682,0.8806649010932773,1.9885092867945573
550,79.95991393108781,0.10053864168712578,0.8842712326732094,1.9562580313376827
551,79.95991393108781,0.10053864168712578,0.8842712326732094,1.9562580313376827
552,79.95991393108781,0.10053864168712578,0.8842712326732094,1.9562580313376827
553,79.89519520306047,0.08878499535830264,0.9287148065725281,1.9224750626702545
554,79.89153990475988,0.0878893824694787,0.9322749956044125,1.9216855370688735
555,79.89153990475988,0.0878893824694787,0.9322749956044125,1.9216855370688735
556,79.89153990475988,0.0878893824694787,0.9322749956044125,1.9216855370688735
557,79.94232465125717,0.03883735300606189,0.9233325417969118,1.9475084249941232
558,79.97164188283617,0.032026450322093586,0.9214749215710195,1.9430099158009901
559,80.07193744215338,0.0298348250153385,0.9113202857887585,2.016136463572856
560,80.07193744215338,0.0298348250153385,0.9113202857887585,2.016136463572856
561,80.15760890549474,-0.022297539644627357,0.843898351637688,2.043455759097392
562,80.0971188460968,-0.05859948191718131,0.8804003635621525,1.9449155350538252
563,79.93587077983037,-0.08285119147017869,0.7770589579076981,2.0014156681140687
564,79.93587077983037,-0.08285119147017869,0.7770589579076981,2.0014156681140687
565,79.93587077983037,-0.08285119147017869,0.7770589579076981,2.0014156681140687
566,80.1381142313076,-0.1061877793498484,0.7584046654538239,2.025628605395358
567,80.00770260904707,0.21322408936900678,0.7955989163852704,1.99098229959039
568,80.00313459079311,0.20771847519539277,0.7880539886434452,1.9885785555622528
569,80.00142675034475,0.20754394829499728,0.7894281521142774,1.991297095230157
570,80.00142675034475,0.20754394829499728,0.7894281521142774,1.991297095230157
571,80.00569690369589,0.20628603981769983,0.7868450715266109,1.9753528351458067
572,79.99121885380914,0.1793131913768345,0.8462296095701533,1.944335782914848
573,80.01168737604235,0.17572100172646277,0.8324765193553418,1.961273614290302
574,80.01168737604235,0.17572100172646277,0.8324765193553418,1.961273614290302
575,80.01168737604235,0.17572100172646277,0.8324765193553418,1.961273614290302
576,80.01158543032084,0.16793718341884323,0.8480133571229787,1.9565327414823366
577,80.01158543032084,0.16793718341884323,0.8480133571229787,1.9565327414823366
578,80.01158543032084,0.16793718341884323,0.8480133571229787,1.9565327414823366
579,80.0952872722759,0.17475952347677204,0.7354881367327268,1.975620428615877
580,80.0952872722759,0.17475952347677204,0.7354881367327268,1.975620428615877
581,80.08628969447193,0.19824476014480527,0.7290210141918406,1.9699808613714216
582,80.0708634393964,0.20994348714693012,0.7230033324880591,1.9733433295352636
583,80.0708634393964,0.20994348714693012,0.7230033324880591,1.9733433295352636
584,80.31274216595922,0.03702014147513549,0.6422117293319078,2.1240405736823096
585,80.31274216595922,0.03702014147513549,0.6422117293319078,2.1240405736823096
586,80.31274216595922,0.03702014147513549,0.6422117293319078,2.1240405736823096
587,80.31274216595922,0.03702014147513549,0.6422117293319078,2.1240405736823096
588,80.31274216595922,0.03702014147513549,0.6422117293319078,2.1240405736823096
589,79.99195389295168,-0.12171219987725909,0.943860912484513,1.7735984930869968
590,79.33170551002056,-0.06997658045294032,1.12851092344234,1.3985833448397114
591,79.33170551002056,-0.06997658045294032,1.12851092344234,1.3985833448397114
592,79.35991799763505,-0.04433466196290736,1.0867225583519786,1.4289700865194237
593,79.15808613688837,-0.07355951215248406,1.1944508346215197,1.3041037615118016
594,79.99111484108532,0.21620807561246816,0.8095084803953821,2.0352929827775212
595,79.99111484108532,0.21620807561246816,0.8095084803953821,2.0352929827775212
596,79.99111484108532,0.21620807561246816,0.8095084803953821,2.0352929827775212
597,79.99111484108532,0.21620807561246816,0.8095084803953821,2.0352929827775212
598,79.99111484108532,0.21620807561246816,0.8095084803953821,2.0352929827775212
599,79.9909456180849,0.21661574971845649,0.8094915808206521,2.0355656821797417
600,79.961651393158,0.17999006415756186,0.9374872270582265,2.060194552120493
601,79.9706094592799,0.18747418640897007,0.9170134039863445,2.0501019134154745
602,79.9706094592799,0.18747418640897007,0.9170134039863445,2.0501019134154745
603,79.89969336963989,0.16675528727178096,0.9328849469902444,2.0005379260795477
604,79.81578901725024,0.13326960630880938,1.066316665494929,2.002691627546467
605,79.69757408192845,0.08627932985665021,1.255488435214053,1.9614759454286572
606,79.69757408192845,0.08627932985665021,1.255488435214053,1.9614759454286572
607,79.73457778171512,0.07217168306693415,1.1988245269396127,1.930765689784057
608,79.73457778171512,0.07217168306693415,1.1988245269396127,1.930765689784057
609,79.73457778171512,0.07217168306693415,1.1988245269396127,1.930765689784057
610,79.73457778171512,0.07217168306693415,1.1988245269396127,1.930765689784057
611,79.66302173545607,0.028847526459326284,1.3266989780697505,1.8673621174329242
612,79.66302173545607,0.028847526459326284,1.3266989780697505,1.8673621174329242
613,79.77366754367849,-0.03978192073593306,1.2588017545245307,1.9151654987374014
614,79.63541250300692,-0.20919687983576857,1.5736067956585347,1.7742627966585953
615,79.63541250300692,-0.20919687983576857,1.5736067956585347,1.7742627966585953
616,79.73835930527635,-0.2219181700564659,1.3694362066586159,1.8226469085569221
617,79.73835930527635,-0.2219181700564659,1.3694362066586159,1.8226469085569221
618,79.70947827744409,-0.2214752776367832,1.3921909639563212,1.8141558900339823
619,79.70947827744409,-0.2214752776367832,1.3921909639563212,1.8141558900339823
620,79.70947827744409,-0.2214752776367832,1.3921909639563212,1.8141558900339823
621,79.99610662830938,0.18737529445101223,0.8014341000471821,2.002733843410782
622,79.997404384021,0.20346069844856027,0.7782477923265797,1.9997378876415965
623,79.99996550115324,0.1979826255352181,0.7750043113565409,1.9970463342695062
624,80.03768650749791,0.13678384465917603,0.7972756618755602,2.0118728593500634
625,80.15288773373591,0.1509405873049089,0.7376019976093149,2.078117801746472
626,80.15288773373591,0.1509405873049089,0.7376019976093149,2.078117801746472
627,80.1465526430122,0.12402156076913096,0.7623507306088673,2.0545477883707464
628,80.14566775702554,0.12418222204985793,0.7625947518513072,2.054131985044753
629,80.14566775702554,0.12418222204985793,0.7625947518513072,2.054131985044753
630,80.13775324684693,0.12270611962302945,0.8283490922896043,1.9961912610131218
631,80.1572920254687,0.07561418075668147,0.8358623044246769,2.0117769901424736
632,80.1572920254687,0.07561418075668147,0.8358623044246769,2.0117769901424736
633,80.1572920254687,0.07561418075668147,0.8358623044246769,2.0117769901424736
634,80.21939481085553,0.07417343763368477,0.7791754774054205,2.0185721022943697
635,80.21939481085553,0.07417343763368477,0.7791754774054205,2.0185721022943697
636,80.21939481085553,0.07417343763368477,0.7791754774054205,2.0185721022943697
637,80.3752719528466,-0.02604680502491516,0.6869914095648482,2.1336303472709846
638,80.3752719528466,-0.02604680502491516,0.6869914095648482,2.1336303472709846
639,80.3752719528466,-0.02604680502491516,0.6869914095648482,2.1336303472709846
640,80.3752719528466,-0.02604680502491516,0.6869914095648482,2.1336303472709846
641,80.66509871415388,-0.04995507966053629,0.5885587523075227,2.307953273154701
642,80.28839284146748,-0.0944442943760333,0.8298871724172674,2.007487951708356
643,81.0171835884541,-0.09486195583948813,0.5247069817647574,2.5201602255562423
644,81.0171835884541,-0.09486195583948813,0.5247069817647574,2.5201602255562423
645,81.0171835884541,-0.09486195583948813,0.5247069817647574,2.5201602255562423
646,81.0171835884541,-0.09486195583948813,0.5247069817647574,2.5201602255562423
647,81.0171835884541,-0.09486195583948813,0.5247069817647574,2.5201602255562423
648,80.00624445515953,0.17948838933923378,0.7925406550275043,2.001125712921814
649,80.01686389040341,0.1745640511360471,0.795546872143674,2.009715584256474
650,80.02226283936731,0.17538638056142522,0.7907701910939265,2.0131726897990454
651,80.02553142972312,0.1713009029176513,0.7726153417767956,1.9978022332400125
652,80.02553142972312,0.1713009029176513,0.7726153417767956,1.9978022332400125
653,80.0299293962928,0.16580379494675035,0.748187557416307,1.97712091599041
654,80.0299293962928,0.16580379494675035,0.748187557416307,1.97712091599041
655,80.0299293962928,0.16580379494675035,0.748187557416307,1.97712091599041
656,80.1409793880702,-0.050746893196611687,0.7884173739730038,2.0203315729343405
657,80.47566890638278,-0.17859901850420082,0.5613003278936501,2.0928084119689596
658,80.43406200446285,-0.14149078501152315,0.5751145229740808,2.0842108433053164
659,80.42954386008324,-0.15586071735673107,0.5931938801141396,2.089827042686321
660,80.42954386008324,-0.15586071735673107,0.5931938801141396,2.089827042686321
661,80.42954386008324,-0.15586071735673107,0.5931938801141396,2.089827042686321
662,80.42954386008324,-0.15586071735673107,0.5931938801141396,2.089827042686321
663,80.42954386008324,-0.15586071735673107,0.5931938801141396,2.089827042686321
664,80.25998962096659,-0.20049759895521874,0.6719431635714876,2.0351630194473462
665,80.46879302373594,-0.20972068651362724,0.607154950070336,2.1412765054082197
666,80.46879302373594,-0.20972068651362724,0.607154950070336,2.1412765054082197
667,80.46879302373594,-0.20972068651362724,0.607154950070336,2.1412765054082197
668,80.46486647404728,-0.20926835797291685,0.6020920517753263,2.141435412882354
669,80.48105550737209,-0.21371797945604343,0.6315860421107861,2.115490445803731
670,80.46968664465894,-0.2144860758232824,0.6385214798735079,2.107583503854969
671,80.50888254346471,-0.2306636457349737,0.7505280275623657,2.042763559633357
672,80.53422400102858,-0.23412280636266014,0.7423910717403646,2.0566310282577773
673,80.6121237156254,-0.30931207962691065,0.7892883383499515,1.9891173998745886
674,80.6121237156254,-0.30931207962691065,0.7892883383499515,1.9891173998745886
675,80.04902983024401,0.15964838351711932,0.8046526105078878,2.035734037991887
676,80.04902983024401,0.15964838351711932,0.8046526105078878,2.035734037991887
677,80.06348040098835,0.1529475095120494,0.8087433697726155,2.047422846347103
678,80.05701403122221,0.1672878533781065,0.803290396677826,2.0487946211530503
679,80.05701403122221,0.1672878533781065,0.803290396677826,2.0487946211530503
680,80.08327387238924,0.1496115685435707,0.8065281158593014,2.0727041696507955
681,80.08327387238924,0.1496115685435707,0.8065281158593014,2.0727041696507955
682,80.05775431800731,0.15128745792528034,0.8079598831161066,2.0506682834250247
683,80.11632534337231,0.10526778933696061,0.828469866997898,2.0388294345911273
684,80.17910054261264,0.0464112746172505,0.8716565617443418,2.069070446284559
685,80.17910054261264,0.0464112746172505,0.8716565617443418,2.069070446284559
686,80.17910054261264,0.0464112746172505,0.8716565617443418,2.069070446284559
687,80.32099129427692,0.01137184978320728,0.8634904373280621,2.142099716834058
688,80.34140628247857,-0.042813345989663465,0.8899140147035393,2.099433069587112
689,80.34140628247857,-0.042813345989663465,0.8899140147035393,2.099433069587112
690,80.28365540378813,-0.10132745802742818,0.8622972694796783,2.045139487723201
691,79.3296700875781,-0.09659802715953353,1.0845050789958606,1.5610913954932433
692,78.35014510185063,-0.19586091760612515,1.636640985620198,0.7943344442104261
693,78.35014510185063,-0.19586091760612515,1.636640985620198,0.7943344442104261
694,78.3252097514092,-0.1941583487386208,1.639000753654817,0.7888322228376199
695,78.3252097514092,-0.1941583487386208,1.639000753654817,0.7888322228376199
696,78.3252097514092,-0.1941583487386208,1.639000753654817,0.7888322228376199
697,78.3252097514092,-0.1941583487386208,1.639000753654817,0.7888322228376199
698,78.3252097514092,-0.1941583487386208,1.639000753654817,0.7888322228376199
699,78.3252097514092,-0.1941583487386208,1.639000753654817,0.7888322228376199
700,78.3252097514092,-0.1941583487386208,1.639000753654817,0.7888322228376199
701,78.3252097514092,-0.1941583487386208,1.639000753654817,0.7888322228376199
702,79.9966528877557,0.18700734108331277,0.7863567778575408,2.0192533396335732
703,79.9966528877557,0.18700734108331277,0.7863567778575408,2.0192533396335732
704,79.99459425034502,0.1841506828199581,0.7815442634722095,2.0155927864932393
705,79.99754135945206,0.17989532353178425,0.7649661773713609,2.0241507507826024
706,79.96586368019928,0.18544375430111906,0.7389700287715427,2.050665902303658
707,79.96586368019928,0.18544375430111906,0.7389700287715427,2.050665902303658
708,79.96586368019928,0.18544375430111906,0.7389700287715427,2.050665902303658
709,79.99590984915643,0.1762328132072651,0.7432929559144112,2.0161740520682887
710,79.99590984915643,0.1762328132072651,0.7432929559144112,2.0161740520682887
711,79.99590984915643,0.1762328132072651,0.7432929559144112,2.0161740520682887
712,79.98057551934417,0.12221186116252054,0.769423852693251,2.0338574812656347
713,79.98057551934417,0.12221186116252054,0.769423852693251,2.0338574812656347
714,79.98057551934417,0.12221186116252054,0.769423852693251,2.0338574812656347
715,79.97459796046489,0.05100766059930015,0.7477239298630687,2.0657186362492963
716,79.79482280929304,0.035868391006854294,0.8056262313391531,1.9564358242399797
717,79.79482280929304,0.035868391006854294,0.8056262313391531,1.9564358242399797
718,79.22077217484296,0.0012813951525857542,0.9867027150114788,1.6209118378351106
719,79.22077217484296,0.0012813951525857542,0.9867027150114788,1.6209118378351106
720,79.22077217484296,0.0012813951525857542,0.9867027150114788,1.6209118378351106
721,79.75311124604819,-0.12791287871822898,0.9977581078954545,1.7199920632423418
722,79.4942867996916,-0.20419296996882633,1.1621952240584306,1.533123131782196
723,79.57056885197552,-0.19934897064863938,1.1497053756138143,1.5702634912264464
724,78.93573261589822,-0.3181221691362136,1.574291658981561,1.0407322485008423
725,78.93573261589822,-0.3181221691362136,1.574291658981561,1.0407322485008423
726,79.0637477489998,-0.31351948105614036,1.525410229144761,1.1099748613740978
727,79.0637477489998,-0.31351948105614036,1.525410229144761,1.1099748613740978
728,79.38268570723015,-0.28358561373244945,1.3614521038471723,1.306693762229639
729,79.99159636841908,0.19584764818515402,0.822124687760261,1.9981953442991947
730,79.98684547261503,0.1953392177834398,0.825132708866806,1.9930914943147213
731,79.98684547261503,0.1953392177834398,0.825132708866806,1.9930914943147213
732,80.01162292768153,0.16680216833448658,0.8115565349808679,2.002244620904744
733,80.01162292768153,0.16680216833448658,0.8115565349808679,2.002244620904744
734,80.0147318122834,0.16719694021642473,0.8095820351343086,2.0030067277176906
735,80.0147318122834,0.16719694021642473,0.8095820351343086,2.0030067277176906
736,80.05280190009873,0.17888097827292518,0.7953273432293213,2.0335389864256856
737,80.05902284264695,0.1793591069391436,0.7897063882092179,2.0444732909956196
738,80.05902284264695,0.1793591069391436,0.7897063882092179,2.0444732909956196
739,80.20189486680636,0.00912844854690334,0.7968016655144099,2.1043031817240876
740,80.20466609794472,0.004997605626783294,0.7943747784465389,2.110051951433273
741,80.26283825842411,0.005529756547259312,0.7800617615983209,2.1517401767299225
742,80.23910741947012,-0.05103651227673711,0.933262767312236,2.055031226589985
743,80.22479986815216,-0.036241161794527715,0.9245990078626506,2.0557139448614046
744,80.20763438837731,-0.013633738056580677,0.8973894169851633,2.050757445090618
745,80.20763438837731,-0.013633738056580677,0.8973894169851633,2.050757445090618
746,80.12349500719537,-0.025743947875519084,1.1284409936473205,1.8670073760146983
747,80.12349500719537,-0.025743947875519084,1.1284409936473205,1.8670073760146983
748,80.09905031241217,0.0006072992913257365,1.025498788553001,1.9377131012693392
749,80.09767869155138,-0.003095578259140353,1.0527691782765276,1.9120732056665182
750,80.09767869155138,-0.003095578259140353,1.0527691782765276,1.9120732056665182
751,80.20947630246052,-0.04666722080216465,0.9980542897628052,1.962359591978768
752,80.2573539861001,-0.1632524905568942,0.984171787411209,1.9898331629740216
753,80.2573539861001,-0.1632524905568942,0.984171787411209,1.9898331629740216
754,80.13781203734264,-0.15998093033707483,0.9442258126640686,1.9592951699442807
755,80.08152458146444,-0.1727339957444215,0.9092047339040624,1.959664673025449
756,79.97166205855778,0.21035548602387763,0.7942855131990997,2.014310293411592
757,79.97166205855778,0.21035548602387763,0.7942855131990997,2.014310293411592
758,79.97166205855778,0.21035548602387763,0.7942855131990997,2.014310293411592
759,79.9571438198933,0.19113659142931783,0.8079502425391206,1.99066133789537
760,79.9571438198933,0.19113659142931783,0.8079502425391206,1.99066133789537
761,79.90120718600363,0.1527813744743353,0.881683250160255,1.9751774891949596
762,79.86832506237674,0.142425845202725,0.9050881109023445,1.9656001956426876
763,79.78912786705733,0.08366115453971598,1.0271803878668018,1.9441383112477866
764,79.78912786705733,0.08366115453971598,1.0271803878668018,1.9441383112477866
765,79.79153262404736,0.08290437507397827,1.0264393339386115,1.9439569793183353
766,79.6230695790296,0.022158012379122155,1.1755317123529982,1.880652668499939
767,79.36169380083925,-0.02879585557193612,1.4451836345256033,1.7352067502467403
768,79.57800003909236,0.01254448694331163,1.221932880458621,1.8594380404307265
769,79.62422640248778,0.022392835182723017,1.192633117049939,1.8639471977369522
770,79.62422640248778,0.022392835182723017,1.192633117049939,1.8639471977369522
771,79.62422640248778,0.022392835182723017,1.192633117049939,1.8639471977369522
772,79.62852917108707,0.01955741626242602,1.1911609346051735,1.8659492242248414
773,79.99340255343921,-0.12348679611706112,1.2024652993138036,1.7039513702686429
774,79.99340255343921,-0.12348679611706112,1.2024652993138036,1.7039513702686429
775,80.21712355305569,-0.2008110806873153,1.3294506328553992,1.7047785362008863
776,80.21712355305569,-0.2008110806873153,1.3294506328553992,1.7047785362008863
777,79.92730646015822,-0.15914670470615577,1.2676235972571266,1.5994073992212328
778,79.15868487413645,-0.1374202409285035,1.3001173841950548,1.324550671530049
779,78.69529872731057,-0.16994379684233588,1.5612917954145278,0.9761675239727914
780,79.1099944013205,-0.1577280975233836,1.4396442162737921,1.209227306351258
781,79.29075610593999,-0.15892778006573224,1.358440423404165,1.320422983774027
782,79.29075610593999,-0.15892778006573224,1.358440423404165,1.320422983774027
783,80.01365867041326,0.22040264559483197,0.8054364542705172,1.9941164479550126
784,80.01726252615745,0.22474620075634455,0.8113888891493187,1.9960128385212839
785,80.01726252615745,0.22474620075634455,0.8113888891493187,1.9960128385212839
786,80.01726252615745,0.22474620075634455,0.8113888891493187,1.9960128385212839
787,80.01518451800374,0.22433972512542613,0.8112390961326137,1.9956975418740106
788,80.01747879902557,0.22663173042859897,0.8098926754284337,1.9972963964703714
789,80.01747879902557,0.22663173042859897,0.8098926754284337,1.9972963964703714
790,79.9723830909135,0.18735362573685577,0.8345581070673573,1.9679855570006173
791,79.97270335013702,0.1871766336788241,0.8345060064956122,1.9684079480112522
792,79.97270335013702,0.1871766336788241,0.8345060064956122,1.9684079480112522
793,79.98508096513217,0.190638729707171,0.8178275107504945,1.962960850290861
794,79.98508096513217,0.190638729707171,0.8178275107504945,1.962960850290861
795,79.96847580073134,0.14216279435803933,0.8433203140856774,1.9173603014572758
796,79.96847580073134,0.14216279435803933,0.8433203140856774,1.9173603014572758
797,79.96847580073134,0.14216279435803933,0.8433203140856774,1.9173603014572758
798,79.99502873098764,0.05842206811529688,0.8275572494633566,1.9349643496673092
799,79.55052706570449,0.029583457911376662,0.9510866105729135,1.7023139222136645
800,79.55052706570449,0.029583457911376662,0.9510866105729135,1.7023139222136645
801,79.55052706570449,0.029583457911376662,0.9510866105729135,1.7023139222136645
802,79.68643889259829,-0.017391501065273582,1.0282309497272317,1.7028164303965718
803,79.85217621827054,-0.1312633171346829,0.9089197623104053,1.8256974184176449
804,79.76059746117082,-0.1790731907772891,0.8552602184872804,1.7934770210666442
805,79.70599023309313,-0.18630080000812776,0.8309251829428945,1.7935927862123975
806,79.60297772562978,-0.18688700890083776,0.8912112978345188,1.7186330758120207
807,79.62751728828238,-0.1460154561352488,0.7737064144826137,1.8289360980712466
808,79.62751728828238,-0.1460154561352488,0.7737064144826137,1.8289360980712466
809,79.62751728828238,-0.1460154561352488,0.7737064144826137,1.8289360980712466
